Category,Subcategory,Fast_Food,Pub_Bar,Gambling,Tobacco,Leisure
Shops & Amenities,Accident Compensation,,,,,
Shops & Amenities,Accountants,,,,,
Shops & Amenities,Advice Centres,,,,,
Home & Garden,Agricultural Equipment,,,,,
Home & Garden,Air Conditioning Equipment,,,,,
Taxis & Transport,Airports,,,,,
Health & Beauty,Alternative & Complementary Medicines,,,,,
Events & Attractions,Amusement Parks & Arcades,,,,,
Shops & Amenities,Antique Dealers,,,,,
Shops & Amenities,Antiques - Repairing & Restoring,,,,,
Home & Garden,Architect,,,,,
Home & Garden,Architectural Salvage Yard,,,,,
Shops & Amenities,Art & Craft,,,,,
Shops & Amenities,Art Galleries & Fine Art Dealers,,,,,
Shops & Amenities,ATM Lobby,,,,,
Non Retail,Auctioneers & Valuers,,,,,
Shops & Amenities,Auctioneers & Valuers,,,,,
Shops & Amenities,Audio Visual Rental,,,,,
Food & Drink,Bakers Shops,,,,,
Shops & Amenities,Banks & Other Financial Institutions,,,,,
Health & Beauty,Barbers,,,,,
"Pubs, Bars & Clubs",Bars,,1,,,
Home & Garden,Bathroom Equipment & Fittings,,,,,
Health & Beauty,Beauty Products,,,,,
Health & Beauty,Beauty Salons,,,,,
Hotels,Bed & Breakfast,,,,,
Home & Garden,"Beds, Bedding & Blankets",,,,,
Events & Attractions,Bingo Halls,,,,,
Home & Garden,"Blinds, Awnings & Canopies",,,,,
Shops & Amenities,Boat Shops,,,,,
Events & Attractions,Booking Agents,,,,,
Shops & Amenities,Bookmakers,,,1,,
Shops & Amenities,Books - Rare & Secondhand,,,,,
Shops & Amenities,Booksellers,,,,,
Events & Attractions,Bowling Alleys,,,,,
Shops & Amenities,Brewery,,,,,
Clothes & Fashion,Bride & Groom Shops,,,,,
Home & Garden,Builders,,,,,
Home & Garden,Builders' Merchants,,,,,
Shops & Amenities,Building Societies,,,,,
Shops & Amenities,Bureaux de Change,,,,,
Shops & Amenities,Business Centres,,,,,
Food & Drink,Butchers,,,,,
Clothes & Fashion,"Buttons, Buckles & Beads",,,,,
Food & Drink,Cafe & Tearoom,,,,,
Food & Drink,"Cake Makers, Decorators & Supplies",,,,,
Shops & Amenities,Camping Goods & Outdoor Wear,,,,,
Home & Garden,Candle Suppliers,,,,,
Taxis & Transport,Car & Van Hire,,,,,
Taxis & Transport,Car Accessories & Parts,,,,,
Taxis & Transport,Car Body Repairs,,,,,
Taxis & Transport,Car Breakdown & Recovery Service,,,,,
Taxis & Transport,Car Dealers,,,,,
Taxis & Transport,Car Parking & Garaging,,,,,
Shops & Amenities,Car Wash & Valet Services,,,,,
Shops & Amenities,Card & Poster Shops,,,,,
Home & Garden,"Carpet, Curtain & Upholstery Cleaners",,,,,
Home & Garden,Carpets & Rugs,,,,,
Food & Drink,Cash & Carry,,,,,
"Pubs, Bars & Clubs",Casino Clubs,,,1,,
Food & Drink,Caterers,,,,,
Shops & Amenities,Catering Equipment,,,,,
Home & Garden,Central Heating - Installation & Servicing,,,,,
Shops & Amenities,Charity Shops,,,,,
Shops & Amenities,Chartered Surveyors,,,,,
Taxis & Transport,Chauffeur Driven,,,,,
Food & Drink,Cheese Shops,,,,,
Health & Beauty,Chemists / Toiletries,,,,,
Shops & Amenities,Cheque Cashing,,,,,
Home & Garden,Child Care,,,,,
Home & Garden,China & Glassware Shops,,,,,
Food & Drink,Chinese Fast Food Takeaway,1,,,,
Food & Drink,Chocolatiers,,,,,
Events & Attractions,Cinemas,,,,,
Non Retail,Citizens' Advice Bureaux,,,,,
Shops & Amenities,Clocks & Watches,,,,,
Clothes & Fashion,Clothes - Children,,,,,
Clothes & Fashion,Clothes - Men,,,,,
Clothes & Fashion,Clothes - Women,,,,,
Clothes & Fashion,Clothing Repairs & Alterations,,,,,
Taxis & Transport,Coach Hire,,,,,
Taxis & Transport,Coach Stations,,,,,
Food & Drink,Coffee Shops,,,,,
Shops & Amenities,Coins & Medals,,,,,
Shops & Amenities,Collectors Items,,,,,
"Pubs, Bars & Clubs",Comedy Clubs,,,,,
Shops & Amenities,Comics Bookshops,,,,,
Shops & Amenities,Community Centres,,,,,
Shops & Amenities,Computer Games,,,,,
Shops & Amenities,Computers,,,,,
Food & Drink,Confectioners,,,,,
Shops & Amenities,Conference Centres,,,,,
Shops & Amenities,Consulates & Embassies,,,,,
Food & Drink,Convenience Stores,,,,,
Shops & Amenities,Convenience Stores,,,,,
Health & Beauty,Cosmetic Dentistry,,,,,
Health & Beauty,Cosmetic Surgery,,,,,
Non Retail,Council Services,,,,,
Home & Garden,Craft Centres & Shops,,,,,
Shops & Amenities,Credit Unions,,,,,
Home & Garden,Curtains - Retailers & Makers,,,,,
Shops & Amenities,Cycle Shops,,,,,
Home & Garden,D.I.Y.,,,,,
Clothes & Fashion,Dance & Balletwear,,,,,
Health & Beauty,Dancing School,,,,,
Food & Drink,Delicatessen,,,,,
Non Retail,Delivery Hub,,,,,
Shops & Amenities,Delivery Services,,,,,
Non Retail,Demolished Properties,,,,,
Health & Beauty,Dentists,,,,,
Shops & Amenities,Department Stores,,,,,
Non Retail,Depot,,,,,
Clothes & Fashion,Designers - Garments,,,,,
Shops & Amenities,Disco Equipment - Hire & Sales,,,,,
Shops & Amenities,Discount Store,,,,,
Taxis & Transport,DLR Stations,,,,,
Health & Beauty,Doctors' Surgeries,,,,,
Shops & Amenities,Dolls & Dolls' Houses,,,,,
Home & Garden,Domestic Appliances,,,,,
Home & Garden,Door & Window Furniture,,,,,
Clothes & Fashion,Dress Agencies,,,,,
Clothes & Fashion,Dressmakers,,,,,
Clothes & Fashion,Dresswear Hire,,,,,
Events & Attractions,Driving Ranges,,,,,
Shops & Amenities,Driving Schools,,,,,
Shops & Amenities,Dry Cleaners,,,,,
Shops & Amenities,Electrical Goods,,,,,
Shops & Amenities,Electricians,,,,,
Non Retail,Emergency Services,,,,,
Shops & Amenities,Engraving,,,,,
Home & Garden,Estate Agents,,,,,
Shops & Amenities,Exhibition Centres,,,,,
Shops & Amenities,Fabric Shops,,,,,
Shops & Amenities,Factory Outlets,,,,,
Food & Drink,Farmers Markets,,,,,
Clothes & Fashion,Fashion Accessories,,,,,
Clothes & Fashion,Fashion Shops,,,,,
Food & Drink,Fast Food Delivery,1,,,,
Food & Drink,Fast Food Takeaway,1,,,,
Taxis & Transport,Ferry Terminals,,,,,
Shops & Amenities,Film Developers,,,,,
Shops & Amenities,Financial Advisors,,,,,
Home & Garden,Fireplaces & Mantelpieces,,,,,
Food & Drink,Fish & Chip Shops,1,,,,
Shops & Amenities,Fishing & Angling Equipment,,,,,
Food & Drink,Fishmongers,,,,,
Home & Garden,Floorcoverings,,,,,
Shops & Amenities,Florists,,,,,
Non Retail,Footfall Point Properties,,,,,
Shops & Amenities,Funeral Directors and Monumental Masons,,,,,
Home & Garden,Furnishers,,,,,
Home & Garden,Furniture - Built-In & Fitted,,,,,
Home & Garden,Furniture - Repairing & Restoring,,,,,
Home & Garden,Furniture - Reproduction,,,,,
Home & Garden,Furniture Shops,,,,,
Shops & Amenities,Games Shops,,,,,
Taxis & Transport,Garage Services,,,,,
Home & Garden,Garden & Patio Furniture,,,,,
Home & Garden,Garden Centres,,,,,
Home & Garden,Gas Log & Coal Fires,,,,,
Home & Garden,Gas Suppliers,,,,,
Shops & Amenities,Gift Shops,,,,,
Home & Garden,Glass Merchants,,,,,
Home & Garden,Glaziers,,,,,
Shops & Amenities,Goldsmiths & Silversmiths,,,,,
Events & Attractions,Golf Courses,,,,,
Shops & Amenities,Golf Equipment & Supplies,,,,,
Food & Drink,Gourmet Food,,,,,
Non Retail,Government Building,,,,,
Food & Drink,Greengrocers & Fruitsellers,,,,,
Food & Drink,Grocers,,,,,
Shops & Amenities,Grocers,,,,,
Hotels,Guesthouses,,,,,
Shops & Amenities,Guns & Sporting Equipment,,,,,
Shops & Amenities,Haberdashers,,,,,
Health & Beauty,Hair & Beauty Salons,,,,,
Health & Beauty,Hairdressers,,,,,
Health & Beauty,Hairpieces & Wigs,,,,,
Food & Drink,Halal Butchers,,,,,
Shops & Amenities,Halls,,,,,
Hotels,Halls of Residence,,,,,
Home & Garden,Hardware Merchants & Ironmongers,,,,,
Clothes & Fashion,Hat Shops,,,,,
Health & Beauty,Health & Beauty Shops,,,,,
Health & Beauty,Health Centre,,,,,1
Health & Beauty,Health Clinics,,,,,
Health & Beauty,Health Clubs,,,,,
Health & Beauty,Health Foods & Products,,,,,
Health & Beauty,Hearing Aids,,,,,
Taxis & Transport,Heliports,,,,,
Health & Beauty,Herbalists,,,,,
Shops & Amenities,Hire Centres,,,,,
Hotels,Holiday Accommodation & Parks,,,,,
Hotels,Holiday Flats,,,,,
Shops & Amenities,Home Entertainment,,,,,
Health & Beauty,Hospitals,,,,,
Hotels,Hostels,,,,,
Shops & Amenities,Hotel Reservations,,,,,
Hotels,Hotels - 3 Stars,,,,,
Hotels,Hotels - 4 Stars,,,,,
Hotels,Hotels - 5 Stars,,,,,
Hotels,Hotels - Others,,,,,
Home & Garden,Household Services,,,,,
Home & Garden,Household Stores,,,,,
Non Retail,Housing Association,,,,,
Home & Garden,Hydroponics,,,,,
Food & Drink,Ice Cream Parlours,,,,,
Events & Attractions,Ice Rinks,,,,,
Food & Drink,Indian Takeaway,1,,,,
Shops & Amenities,Indoor Markets,,,,,
Events & Attractions,Information Centre,,,,,
Shops & Amenities,Insurance Agents,,,,,
Home & Garden,Interior Design / Decoration,,,,,
Shops & Amenities,Internet Cafes,,,,,
Home & Garden,Ironmongers,,,,,
Shops & Amenities,Jewellers,,,,,
Shops & Amenities,Job Centres,,,,,
Home & Garden,Joiners,,,,,
Food & Drink,Juice Bars,,,,,
Events & Attractions,Karting,,,,,
Clothes & Fashion,Kilt Shops,,,,,
Home & Garden,Kitchen Planners,,,,,
Home & Garden,Kitchenware,,,,,
Clothes & Fashion,Knitwear & Textiles,,,,,
Home & Garden,Landscape Gardeners,,,,,
Shops & Amenities,Language Schools,,,,,
Health & Beauty,Laser Eye Treatment,,,,,
Shops & Amenities,Laundries & Launderettes,,,,,
Clothes & Fashion,Leather Goods,,,,,
Shops & Amenities,Leather Merchants & Wholesalers,,,,,
Shops & Amenities,Left Luggage,,,,,
Health & Beauty,Leisure Centres & Swimming Baths,,,,,1
Clothes & Fashion,Leisure Wear,,,,,
Home & Garden,Letting Agents,,,,,
Shops & Amenities,Libraries,,,,,
Home & Garden,Lighting Retailers,,,,,
Home & Garden,Linen Shops,,,,,
Clothes & Fashion,Lingerie & Hosiery,,,,,
Shops & Amenities,Livery Companies,,,,,
Home & Garden,Locksmiths,,,,,
"Pubs, Bars & Clubs",Lounge Bars,,,,,
Shops & Amenities,Luggage Shops,,,,,
Shops & Amenities,Mail Order & Catalogue Showrooms,,,,,
Taxis & Transport,Mainline Stations,,,,,
Shops & Amenities,"Maps, Charts & Globes",,,,,
Health & Beauty,Martial Arts Instruction,,,,,
Clothes & Fashion,Maternity Wear,,,,,
Health & Beauty,Medical Centres,,,,,
Non Retail,Merged Properties,,,,,
Taxis & Transport,Metro Stations,,,,,
Taxis & Transport,Metrolink Stations,,,,,
Taxis & Transport,Minicabs,,,,,
Home & Garden,Mirrors & Decorative Glass,,,,,
Shops & Amenities,Miscellaneous,,,,,
Shops & Amenities,Mobile Phones,,,,,
Shops & Amenities,Mobility Services,,,,,
Shops & Amenities,Model Shops,,,,,
Shops & Amenities,Mortgage Companies & Advisors,,,,,
Taxis & Transport,MOT Testing Centres,,,,,
Taxis & Transport,Motorbikes & Accessories,,,,,
Events & Attractions,Museums & Art Galleries,,,,,
Shops & Amenities,Music Shops,,,,,
Health & Beauty,Nail Salons,,,,,
Shops & Amenities,New Age Shops,,,,,
Shops & Amenities,Newsagents,,,,,
"Pubs, Bars & Clubs",Night Clubs,,1,,,
Shops & Amenities,Nursery Goods & Accessories,,,,,
Health & Beauty,Nursing Homes,,,,,
Shops & Amenities,Office Supplies,,,,,
Non Retail,Offices,,,,,
Health & Beauty,Opticians,,,,,
Events & Attractions,Paintball & Combat Games,,,,,
Home & Garden,Painting & Decorating Supplies,,,,,
Events & Attractions,Parks & Squares,,,,,
Shops & Amenities,Party Goods / Novelties,,,,,
Events & Attractions,Party Venues & Function Rooms,,,,,
Shops & Amenities,Pawnbrokers,,,,,
Shops & Amenities,Pet Shops & Pet Supplies,,,,,
Taxis & Transport,Petrol Filling Stations,,,,,
Shops & Amenities,Photographers,,,,,
Shops & Amenities,Photographic - Retail,,,,,
Shops & Amenities,Pianos & Accessories,,,,,
Shops & Amenities,Picture & Photo Framers,,,,,
Shops & Amenities,Picture & Picture Frame Restoration,,,,,
Food & Drink,Pizza Takeaway,1,,,,
Home & Garden,Plumbers,,,,,
Home & Garden,Plumbers Merchants,,,,,
Non Retail,Police,,,,,
Shops & Amenities,Post Office Services,,,,,
Shops & Amenities,"Postal, Packing & Shipping",,,,,
Shops & Amenities,Potteries & Ceramics,,,,,
Shops & Amenities,Printer Cartridges,,,,,
Shops & Amenities,Printers,,,,,
"Pubs, Bars & Clubs",Private Clubs,,,,,
Non Retail,Property Consultants,,,,,
"Pubs, Bars & Clubs",Public Houses & Inns,,1,,,
Events & Attractions,Race Courses,,,,,
Non Retail,Recording Studio,,,,,
Shops & Amenities,"Records, Tapes & CD's",,,,,
Shops & Amenities,Recruitment Agencies,,,,,
Non Retail,Residential Properties,,,,,
Restaurants,Restaurant - Afghan,,,,,
Restaurants,Restaurant - African,,,,,
Restaurants,Restaurant - American,,,,,
Restaurants,Restaurant - Argentinian,,,,,
Restaurants,Restaurant - Asian,,,,,
Restaurants,Restaurant - Austrian,,,,,
Restaurants,Restaurant - Bangladeshi,,,,,
Restaurants,Restaurant - Belgian,,,,,
Restaurants,Restaurant - Brasserie,,,,,
Restaurants,Restaurant - Brazilian,,,,,
Restaurants,Restaurant - British,,,,,
Restaurants,Restaurant - Burmese,,,,,
Restaurants,Restaurant - Caribbean,,,,,
Restaurants,Restaurant - Chinese,,,,,
Restaurants,Restaurant - Colombian,,,,,
Restaurants,Restaurant - Continental,,,,,
Restaurants,Restaurant - Creperie,,,,,
Restaurants,Restaurant - Cuban,,,,,
Restaurants,Restaurant - Danish,,,,,
Restaurants,Restaurant - Eastern European,,,,,
Restaurants,Restaurant - Egyptian,,,,,
Restaurants,Restaurant - English,,,,,
Restaurants,Restaurant - European,,,,,
Restaurants,Restaurant - French,,,,,
Restaurants,Restaurant - German,,,,,
Restaurants,Restaurant - Greek,,,,,
Restaurants,Restaurant - Hungarian,,,,,
Restaurants,Restaurant - Indian,,,,,
Restaurants,Restaurant - Indonesian,,,,,
Restaurants,Restaurant - International,,,,,
Restaurants,Restaurant - Iranian,,,,,
Restaurants,Restaurant - Iraqi,,,,,
Restaurants,Restaurant - Irish,,,,,
Restaurants,Restaurant - Italian,,,,,
Restaurants,Restaurant - Jamaican,,,,,
Restaurants,Restaurant - Japanese,,,,,
Restaurants,Restaurant - Korean,,,,,
Restaurants,Restaurant - Kosher,,,,,
Restaurants,Restaurant - Lebanese,,,,,
Restaurants,Restaurant - Malaysian,,,,,
Restaurants,Restaurant - Mauritian,,,,,
Restaurants,Restaurant - Mediterranean,,,,,
Restaurants,Restaurant - Mexican/Tex Mex,,,,,
Restaurants,Restaurant - Middle Eastern,,,,,
Restaurants,Restaurant - Mongolian,,,,,
Restaurants,Restaurant - Moroccan,,,,,
Restaurants,Restaurant - Nepalese,,,,,
Restaurants,Restaurant - Oceanic,,,,,
Restaurants,Restaurant - Oriental,,,,,
Restaurants,Restaurant - Other,,,,,
Restaurants,Restaurant - Pakistani,,,,,
Restaurants,Restaurant - Philippine,,,,,
Restaurants,Restaurant - Pizzeria,,,,,
Restaurants,Restaurant - Polish,,,,,
Restaurants,Restaurant - Portuguese,,,,,
Restaurants,Restaurant - Russian,,,,,
Restaurants,Restaurant - Scandinavian,,,,,
Restaurants,Restaurant - Scottish,,,,,
Restaurants,Restaurant - Seafood,,,,,
Restaurants,Restaurant - South American,,,,,
Restaurants,Restaurant - Spanish,,,,,
Restaurants,Restaurant - Sudanese,,,,,
Restaurants,Restaurant - Swiss,,,,,
Restaurants,Restaurant - Thai,,,,,
Restaurants,Restaurant - Tibetan,,,,,
Restaurants,Restaurant - Turkish,,,,,
Restaurants,Restaurant - Vegan,,,,,
Restaurants,Restaurant - Vegetarian,,,,,
Restaurants,Restaurant - Vietnamese,,,,,
Restaurants,Restaurant - Welsh,,,,,
"Pubs, Bars & Clubs",Restaurant & Bar,,,,,
Restaurants,Restaurant & Bar,,,,,
Restaurants,Restaurant Cruises,,,,,
Health & Beauty,Riding Stables,,,,,
Clothes & Fashion,Riding Wear,,,,,
Shops & Amenities,Royal Mail Delivery Offices,,,,,
Shops & Amenities,Safe Deposit Boxes,,,,,
Food & Drink,Sandwich Delivery Service,1,,,,
Home & Garden,Satellite Television - Equipment & Services,,,,,
Shops & Amenities,Scrap Metal Dealers & Breakers Yards,,,,,
Shops & Amenities,Secondhand Shops,,,,,
Home & Garden,Security Equipment,,,,,
Hotels,Serviced Apartments,,,,,
Shops & Amenities,Sewing Machines,,,,,
Clothes & Fashion,Shirt Makers,,,,,
Shops & Amenities,Shoe Repairs,,,,,
Clothes & Fashion,Shoe Shops,,,,,
Shops & Amenities,Shop Fitters,,,,,
Shops & Amenities,Shopping Arcades,,,,,
Shops & Amenities,Sign Shops,,,,,
Shops & Amenities,Skiing Equipment,,,,,
Events & Attractions,"Snooker, Billiards & Pool Halls",,,,,
"Pubs, Bars & Clubs",Social Clubs,,,,,
Home & Garden,Soft Furnishings,,,,,
Shops & Amenities,Solicitors,,,,,
Shops & Amenities,Souvenir Shops,,,,,
Events & Attractions,Special Screening Venues,,,,,
Non Retail,Split Properties,,,,,
Health & Beauty,Sports Clubs,,,,,
Shops & Amenities,Sports Goods Shops,,,,,
Events & Attractions,Sports Grounds & Stadiums,,,,,
Shops & Amenities,Stationers,,,,,
Events & Attractions,Statues & Monuments,,,,,
Shops & Amenities,Stonemason,,,,,
Home & Garden,Storage & Removals,,,,,
Shops & Amenities,Street Markets,,,,,
Shops & Amenities,Student Unions,,,,,
Food & Drink,Supermarkets,,,,,
Shops & Amenities,Surplus Stores,,,,,
Home & Garden,Swimming Pool Dealers & Installers,,,,,
Clothes & Fashion,Tailors,,,,,
Food & Drink,Take Away Food Shops,1,,,,
Health & Beauty,Tanning Shops,,,,,
Health & Beauty,Tattooing & Piercing,,,,,
Shops & Amenities,Taxidermists,,,,,
Taxis & Transport,Taxis & Private Hire,,,,,
Food & Drink,Tea & Coffee Merchants,,,,,
Health & Beauty,Tennis Clubs,,,,,
Shops & Amenities,Textiles,,,,,
Events & Attractions,Theatres & Concert Halls,,,,,
Clothes & Fashion,Theatrical Costumes & Fancy Dress,,,,,
Events & Attractions,Ticket Outlets & Box Offices,,,,,
Home & Garden,Tile Stockists,,,,,
Events & Attractions,Tour Operators,,,,,
Events & Attractions,Tourist Attractions,,,,,
Events & Attractions,Tourist Information,,,,,
Shops & Amenities,Toy Shops,,,,,
Taxis & Transport,Train Stations,,,,,
Shops & Amenities,Training Centres,,,,,
Shops & Amenities,Translation Agencies,,,,,
Shops & Amenities,Travel Agents,,,,,
Shops & Amenities,Travel Booking Office,,,,,
Clothes & Fashion,T-Shirts,,,,,
Shops & Amenities,Tyre Dealers,,,,,
Taxis & Transport,Underground Stations,,,,,
Clothes & Fashion,Uniforms & Staffwear,,,,,
Shops & Amenities,Universities & Colleges,,,,,
Home & Garden,Upholsterers,,,,,
Non Retail,Vacant Properties,,,,,
Shops & Amenities,Vaping Stores and Tobacconists,,,,1,
Non Retail,Veterinary Surgeons & Practitioners,,,,,
Shops & Amenities,Video Library,,,,,
Home & Garden,Wallpapers & Wall Coverings,,,,,
Non Retail,Warehouse,,,,,
Shops & Amenities,"Watch, Clock & Jewellers Repairs",,,,,
Shops & Amenities,Watches,,,,,
Shops & Amenities,Wedding Companies,,,,,
Non Retail,Wholesalers,,,,,
Food & Drink,Wine Making & Brewer Supplies,,,,,
Food & Drink,"Wines, Spirits & Beers",,,,,
Non Retail,Works,,,,,
Shops & Amenities,XXX - Adult Services,,,,,
Shops & Amenities,XXX - Adult Shops,,,,,
"Pubs, Bars & Clubs",XXX - Adult Venues,,,,,
Shops & Amenities,Yacht & Sailing Clubs,,,,,
Non Retail,,,,,,